custom-abacate	Abacate	g	Gorduras e Oleaginosas
custom-abacaxi	Abacaxi	g	Frutas
custom-abobrinha	Abobrinha	g	Vegetais e Legumes
custom-abóbora-cabotiá-	Abóbora (Cabotiá)	g	Vegetais e Legumes
custom-agrião	Agrião	g	Vegetais e Legumes
custom-albumina	Albumina	g	Suplementos
custom-alcatra-grelhada	Alcatra Grelhada	g	Carnes e Proteínas
custom-alface-qualquer-tipo-	Alface (Qualquer tipo)	g	Vegetais e Legumes
custom-arroz-branco	Arroz Branco	g	Carboidratos
custom-arroz-integral	Arroz Integral	g	Carboidratos
custom-arroz-parboilizado	Arroz Parboilizado	g	Carboidratos
custom-aspargos	Aspargos	g	Vegetais e Legumes
custom-atum-grelhado-ou-assado-	Atum (Grelhado ou Assado)	g	Carnes e Proteínas
custom-aveia-em-flocos	Aveia em Flocos	g	Carboidratos
custom-azeite-de-oliva	Azeite de Oliva	ml	Gorduras e Oleaginosas
custom-bcaa-em-pó	BCAA em Pó	g	Suplementos
custom-bacalhau-dessalgado-cozido-	Bacalhau Dessalgado (Cozido)	g	Carnes e Proteínas
custom-bacon-frito	Bacon Frito	g	Frios e Laticínios
custom-banana	Banana	g	Frutas
custom-barra-de-proteína-bold	Barra de Proteína Bold	g	Suplementos
custom-batata-doce-assada	Batata Doce Assada	g	Carboidratos
custom-batata-doce-cozida	Batata Doce Cozida	g	Carboidratos
custom-batata-inglesa-cozida	Batata Inglesa Cozida	g	Carboidratos
custom-berinjela	Berinjela	g	Vegetais e Legumes
custom-beterraba	Beterraba	g	Vegetais e Legumes
custom-brócolis-cozido-	Brócolis (Cozido)	g	Vegetais e Legumes
custom-café-sem-açúcar	Café sem Açúcar	ml	Bebidas
custom-camarão-grelhado	Camarão Grelhado	g	Carnes e Proteínas
custom-carne-moída-patinho-	Carne Moída (Patinho)	g	Carnes e Proteínas
custom-carne-seca-charque-desfiada-	Carne Seca / Charque (Desfiada)	g	Carnes e Proteínas
custom-carne-de-panela-cozida-	Carne de Panela (Cozida)	g	Carnes e Proteínas
custom-caseína	Caseína	g	Suplementos
custom-castanha-do-pará	Castanha do Pará	g	Gorduras e Oleaginosas
custom-cebola	Cebola	g	Vegetais e Legumes
custom-cenoura-cozida-	Cenoura (Cozida)	g	Vegetais e Legumes
custom-chia	Chia	g	Carboidratos
custom-chocolate-meio-amargo-70%-	Chocolate Meio Amargo (70%)	g	Carboidratos
custom-chuchu	Chuchu	g	Vegetais e Legumes
custom-chá-sem-açúcar	Chá sem Açúcar	ml	Bebidas
custom-clara-de-ovo	Clara de Ovo	un	Carnes e Proteínas
custom-couve-manteiga-	Couve (Manteiga)	g	Vegetais e Legumes
custom-couve-flor	Couve-flor	g	Vegetais e Legumes
custom-cream-cheese-light	Cream Cheese Light	g	Frios e Laticínios
custom-creatina	Creatina	g	Suplementos
custom-cuscuz-de-milho	Cuscuz de Milho	g	Carboidratos
custom-dextrose	Dextrose	g	Suplementos
custom-espinafre	Espinafre	g	Vegetais e Legumes
custom-farinha-de-linhaça	Farinha de Linhaça	g	Carboidratos
custom-feijão-carioca-cozido	Feijão Carioca Cozido	g	Carboidratos
custom-feijão-preto-cozido	Feijão Preto Cozido	g	Carboidratos
custom-filé-mignon-grelhado	Filé Mignon Grelhado	g	Carnes e Proteínas
custom-frango-desfiado-cozido-	Frango Desfiado (Cozido)	g	Carnes e Proteínas
custom-frango-grelhado	Frango Grelhado	g	Carnes e Proteínas
custom-gelatina-zero	Gelatina Zero	g	Bebidas
custom-geleia-de-frutas-100%-fruta-	Geleia de Frutas (100% Fruta)	g	Carboidratos
custom-glutamina-em-pó	Glutamina em Pó	g	Suplementos
custom-granola-sem-açúcar	Granola Sem Açúcar	g	Carboidratos
custom-grão-de-bico-cozido	Grão de Bico Cozido	g	Carboidratos
custom-hipercalórico-genérico-	Hipercalórico (Genérico)	g	Suplementos
custom-inhame-cozido-	Inhame (Cozido)	g	Carboidratos
custom-iogurte-grego-tradicional	Iogurte Grego Tradicional	g	Frios e Laticínios
custom-iogurte-grego-zero-light	Iogurte Grego Zero/Light	g	Frios e Laticínios
custom-iogurte-natural-desnatado	Iogurte Natural Desnatado	g	Frios e Laticínios
custom-iogurte-proteico	Iogurte Proteico	g	Frios e Laticínios
custom-kiwi	Kiwi	g	Frutas
custom-laranja	Laranja	g	Frutas
custom-leite-desnatado	Leite Desnatado	ml	Frios e Laticínios
custom-leite-integral	Leite Integral	ml	Frios e Laticínios
custom-leite-zero-lactose	Leite Zero Lactose	ml	Frios e Laticínios
custom-lentilha-cozida	Lentilha Cozida	g	Carboidratos
custom-linguado-grelhado	Linguado Grelhado	g	Carnes e Proteínas
custom-macarrão-cozido	Macarrão Cozido	g	Carboidratos
custom-macarrão-integral-cozido-	Macarrão Integral (Cozido)	g	Carboidratos
custom-maltodextrina	Maltodextrina	g	Suplementos
custom-mamão	Mamão	g	Frutas
custom-mandioca-cozida	Mandioca Cozida	g	Carboidratos
custom-mandioquinha-batata-baroa	Mandioquinha / Batata Baroa	g	Carboidratos
custom-manteiga	Manteiga	g	Gorduras e Oleaginosas
custom-manteiga-ghee	Manteiga Ghee	g	Gorduras e Oleaginosas
custom-massa-de-crepioca	Massa de Crepioca	g	Carboidratos
custom-maçã	Maçã	g	Frutas
custom-melancia	Melancia	g	Frutas
custom-melão	Melão	g	Frutas
custom-moela-de-frango-cozida-	Moela de Frango (Cozida)	g	Carnes e Proteínas
custom-morango	Morango	g	Frutas
custom-musculo-cozido	Músculo (Cozido)	g	Carnes e Proteínas
custom-nozes	Nozes	g	Gorduras e Oleaginosas
custom-ovos-inteiros	Ovos Inteiros	un	Carnes e Proteínas
custom-ovos-mexidos	Ovos Mexidos	un	Carnes e Proteínas
custom-pasta-de-amendoim	Pasta de Amendoim	g	Gorduras e Oleaginosas
custom-patinho-cozido-iscas-	Patinho (Cozido / Iscas)	g	Carnes e Proteínas
custom-paçoca-rolha-	Paçoca (Rolha)	g	Carboidratos
custom-peito-de-frango-fatiado	Peito de Frango Fatiado	g	Frios e Laticínios
custom-peito-de-peru-fatiado-	Peito de Peru (Fatiado)	g	Frios e Laticínios
custom-peito-de-peru-grelhado	Peito de Peru Grelhado	g	Carnes e Proteínas
custom-pepino-com-casca-	Pepino (Com casca)	g	Vegetais e Legumes
custom-pera	Pera	g	Frutas
custom-pescada-branca-grelhada	Pescada Branca Grelhada	g	Carnes e Proteínas
custom-pimentão	Pimentão	g	Vegetais e Legumes
custom-presunto-magro	Presunto Magro	g	Frios e Laticínios
custom-proteína-de-soja-pts-crua-	Proteína de Soja (PTS Crua)	g	Carnes e Proteínas
custom-pure-de-batata-sem-leite	Purê de Batata (Sem Leite)	g	Carboidratos
custom-pão-francês	Pão Francês	g	Carboidratos
custom-pão-integral	Pão Integral	g	Carboidratos
custom-pão-sírio	Pão Sírio	g	Carboidratos
custom-pão-de-forma-tradicional	Pão de Forma Tradicional	g	Carboidratos
custom-queijo-cottage-tradicional	Queijo Cottage Tradicional	g	Frios e Laticínios
custom-queijo-cottage-zero-lactose	Queijo Cottage Zero Lactose	g	Frios e Laticínios
custom-queijo-minas-frescal-light	Queijo Minas Frescal Light	g	Frios e Laticínios
custom-queijo-minas-padrão	Queijo Minas Padrão	g	Frios e Laticínios
custom-queijo-mussarela-light	Queijo Mussarela Light	g	Frios e Laticínios
custom-queijo-mussarela-tradicional	Queijo Mussarela Tradicional	g	Frios e Laticínios
custom-queijo-ricota-fresca	Queijo Ricota Fresca	g	Frios e Laticínios
custom-rap10	Rap10	g	Carboidratos
custom-refrigerante-zero	Refrigerante Zero	ml	Bebidas
custom-repolho	Repolho	g	Vegetais e Legumes
custom-requeijão-light	Requeijão Light	g	Frios e Laticínios
custom-rúcula	Rúcula	g	Vegetais e Legumes
custom-salmão-grelhado	Salmão Grelhado	g	Carnes e Proteínas
custom-salsicha-cozida	Salsicha Cozida	g	Frios e Laticínios
custom-sardinha-enlatada-em-água-	Sardinha (Enlatada em Água)	g	Carnes e Proteínas
custom-sobrecoxa-de-frango-sem-pele-	Sobrecoxa de Frango (Sem pele)	g	Carnes e Proteínas
custom-suco-clight-zero	Suco Clight/Zero	ml	Bebidas
custom-tangerina	Tangerina	g	Frutas
custom-tapioca-goma-	Tapioca (Goma)	g	Carboidratos
custom-tilápia-grelhada	Tilápia Grelhada	g	Carnes e Proteínas
custom-tofu-queijo-de-soja-	Tofu (Queijo de Soja)	g	Carnes e Proteínas
custom-tomate	Tomate	g	Vegetais e Legumes
custom-uva	Uva	g	Frutas
custom-vagem	Vagem	g	Vegetais e Legumes
custom-whey-protein-concentrado	Whey Protein Concentrado	g	Suplementos
custom-whey-protein-hidrolisado	Whey Protein Hidrolisado	g	Suplementos
custom-whey-protein-isolado	Whey Protein Isolado	g	Suplementos
custom-wrap-integral	Wrap Integral	g	Carboidratos
custom-yopro-15g-bebida-láctea-	YoPRO 15g (Bebida Láctea)	ml	Suplementos
custom-yopro-25g-bebida-láctea-	YoPRO 25g (Bebida Láctea)	ml	Suplementos
custom-água-de-coco	Água de Coco	ml	Bebidas
custom-óleo-de-coco	Óleo de Coco	ml	Gorduras e Oleaginosas
